Wind Farm,Severity Score
PEÑAFLOR IV,0.392312988459598
PEÑAFLOR III,0.35928476186949665
FUENTESALADA,0.35874437347483307
CRUZ DE CARRUTERO,0.3480892947915978
