Wind Farm,Severity Score
EL CABO,0.3659553687112998
TWIN BUTTES II,0.3378557427394897
LAGOA I,0.2876637486924957
LAGOA II,0.2795263149070552
CANOAS,0.27110731410246813
