Wind Farm,Severity Score
PEDREGAL,0.2995866757806305
CERRO BLANCO,0.257404250765254
WINNEBAGO I,0.25668713388404724
