Wind Farm,Severity Score
CASSELMAN,0.5394384530825863
ELK RIVER,0.4885018740193001
MORAINE II,0.23469569755624214
