Wind Farm,Severity Score
COLLADOS,0.36729840310607764
WHITELEE II,0.3244179370478975
CLACHAN FLATS,0.3071209711889312
