Wind Farm,Severity Score
BLACK LAW II,0.3001964262802557
WHITELEE II,0.2832844281688773
