Wind Farm,Severity Score
FUENDETODOS II,1.993263851570469
HONTALBILLA I,1.8552977317699755
SIERRA DE ALCARAMA II,1.8381309547886906
HONTALBILLA II,1.7524344051485847
