Wind Farm,Severity Score
CABRAS,0.3313586029132582
BAFFIN BAY,0.30218475236601294
PIER II,0.24412875623748972
DEERFIELD,0.22921537593976649
